,Loan_ID,Gender,Married,Dependents,Education,Self_Employed,ApplicantIncome,CoapplicantIncome,LoanAmount,Loan_Amount_Term,Credit_History,Property_Area,Loan_Status
0,LP001002,0.0,0.0,0,1,0.0,5849,0.0,146.41216216216216,360.0,1.0,2,1
1,LP001003,0.0,1.0,1,1,0.0,4583,1508.0,128.0,360.0,1.0,0,0
2,LP001005,0.0,1.0,0,1,1.0,3000,0.0,66.0,360.0,1.0,2,1
3,LP001006,0.0,1.0,0,0,0.0,2583,2358.0,120.0,360.0,1.0,2,1
4,LP001008,0.0,0.0,0,1,0.0,6000,0.0,141.0,360.0,1.0,2,1
5,LP001011,0.0,1.0,2,1,1.0,5417,4196.0,267.0,360.0,1.0,2,1
6,LP001013,0.0,1.0,0,0,0.0,2333,1516.0,95.0,360.0,1.0,2,1
7,LP001014,0.0,1.0,3,1,0.0,3036,2504.0,158.0,360.0,0.0,1,0
8,LP001018,0.0,1.0,2,1,0.0,4006,1526.0,168.0,360.0,1.0,2,1
9,LP001020,0.0,1.0,1,1,0.0,12841,10968.0,349.0,360.0,1.0,1,0
10,LP001024,0.0,1.0,2,1,0.0,3200,700.0,70.0,360.0,1.0,2,1
11,LP001027,0.0,1.0,2,1,0.0,2500,1840.0,109.0,360.0,1.0,2,1
12,LP001028,0.0,1.0,2,1,0.0,3073,8106.0,200.0,360.0,1.0,2,1
13,LP001029,0.0,0.0,0,1,0.0,1853,2840.0,114.0,360.0,1.0,0,0
14,LP001030,0.0,1.0,2,1,0.0,1299,1086.0,17.0,120.0,1.0,2,1
15,LP001032,0.0,0.0,0,1,0.0,4950,0.0,125.0,360.0,1.0,2,1
16,LP001034,0.0,0.0,1,0,0.0,3596,0.0,100.0,240.0,1.0,2,1
17,LP001036,1.0,0.0,0,1,0.0,3510,0.0,76.0,360.0,0.0,2,0
18,LP001038,0.0,1.0,0,0,0.0,4887,0.0,133.0,360.0,1.0,0,0
19,LP001041,0.0,1.0,0,1,0.0,2600,3500.0,115.0,342.0,1.0,2,1
20,LP001043,0.0,1.0,0,0,0.0,7660,0.0,104.0,360.0,0.0,2,0
21,LP001046,0.0,1.0,1,1,0.0,5955,5625.0,315.0,360.0,1.0,2,1
22,LP001047,0.0,1.0,0,0,0.0,2600,1911.0,116.0,360.0,0.0,1,0
23,LP001050,0.0,1.0,2,0,0.0,3365,1917.0,112.0,360.0,0.0,0,0
24,LP001052,0.0,1.0,1,1,0.0,3717,2925.0,151.0,360.0,1.0,1,0
25,LP001066,0.0,1.0,0,1,1.0,9560,0.0,191.0,360.0,1.0,1,1
26,LP001068,0.0,1.0,0,1,0.0,2799,2253.0,122.0,360.0,1.0,1,1
27,LP001073,0.0,1.0,2,0,0.0,4226,1040.0,110.0,360.0,1.0,2,1
28,LP001086,0.0,0.0,0,0,0.0,1442,0.0,35.0,360.0,1.0,2,0
29,LP001087,1.0,0.0,2,1,0.0,3750,2083.0,120.0,360.0,1.0,1,1
30,LP001091,0.0,1.0,1,1,0.0,4166,3369.0,201.0,360.0,1.0,2,0
31,LP001095,0.0,0.0,0,1,0.0,3167,0.0,74.0,360.0,1.0,2,0
32,LP001097,0.0,0.0,1,1,1.0,4692,0.0,106.0,360.0,1.0,0,0
33,LP001098,0.0,1.0,0,1,0.0,3500,1667.0,114.0,360.0,1.0,1,1
34,LP001100,0.0,0.0,3,1,0.0,12500,3000.0,320.0,360.0,1.0,0,0
35,LP001106,0.0,1.0,0,1,0.0,2275,2067.0,146.41216216216216,360.0,1.0,2,1
36,LP001109,0.0,1.0,0,1,0.0,1828,1330.0,100.0,342.0,0.0,2,0
37,LP001112,1.0,1.0,0,1,0.0,3667,1459.0,144.0,360.0,1.0,1,1
38,LP001114,0.0,0.0,0,1,0.0,4166,7210.0,184.0,360.0,1.0,2,1
39,LP001116,0.0,0.0,0,0,0.0,3748,1668.0,110.0,360.0,1.0,1,1
40,LP001119,0.0,0.0,0,1,0.0,3600,0.0,80.0,360.0,1.0,2,0
41,LP001120,0.0,0.0,0,1,0.0,1800,1213.0,47.0,360.0,1.0,2,1
42,LP001123,0.0,1.0,0,1,0.0,2400,0.0,75.0,360.0,1.0,2,1
43,LP001131,0.0,1.0,0,1,0.0,3941,2336.0,134.0,360.0,1.0,1,1
44,LP001136,0.0,1.0,0,0,1.0,4695,0.0,96.0,342.0,1.0,2,1
45,LP001137,1.0,0.0,0,1,0.0,3410,0.0,88.0,342.0,1.0,2,1
46,LP001138,0.0,1.0,1,1,0.0,5649,0.0,44.0,360.0,1.0,2,1
47,LP001144,0.0,1.0,0,1,0.0,5821,0.0,144.0,360.0,1.0,2,1
48,LP001146,1.0,1.0,0,1,0.0,2645,3440.0,120.0,360.0,0.0,2,0
49,LP001151,1.0,0.0,0,1,0.0,4000,2275.0,144.0,360.0,1.0,1,1
50,LP001155,1.0,1.0,0,0,0.0,1928,1644.0,100.0,360.0,1.0,1,1
51,LP001157,1.0,0.0,0,1,0.0,3086,0.0,120.0,360.0,1.0,1,1
52,LP001164,1.0,0.0,0,1,0.0,4230,0.0,112.0,360.0,1.0,1,0
53,LP001179,0.0,1.0,2,1,0.0,4616,0.0,134.0,360.0,1.0,2,0
54,LP001186,1.0,1.0,1,1,1.0,11500,0.0,286.0,360.0,0.0,2,0
55,LP001194,0.0,1.0,2,1,0.0,2708,1167.0,97.0,360.0,1.0,1,1
56,LP001195,0.0,1.0,0,1,0.0,2132,1591.0,96.0,360.0,1.0,1,1
57,LP001197,0.0,1.0,0,1,0.0,3366,2200.0,135.0,360.0,1.0,0,0
58,LP001198,0.0,1.0,1,1,0.0,8080,2250.0,180.0,360.0,1.0,2,1
59,LP001199,0.0,1.0,2,0,0.0,3357,2859.0,144.0,360.0,1.0,2,1
60,LP001205,0.0,1.0,0,1,0.0,2500,3796.0,120.0,360.0,1.0,2,1
61,LP001206,0.0,1.0,3,1,0.0,3029,0.0,99.0,360.0,1.0,2,1
62,LP001207,0.0,1.0,0,0,1.0,2609,3449.0,165.0,180.0,0.0,0,0
63,LP001213,0.0,1.0,1,1,0.0,4945,0.0,146.41216216216216,360.0,0.0,0,0
64,LP001222,1.0,0.0,0,1,0.0,4166,0.0,116.0,360.0,0.0,1,0
65,LP001225,0.0,1.0,0,1,0.0,5726,4595.0,258.0,360.0,1.0,1,0
66,LP001228,0.0,0.0,0,0,0.0,3200,2254.0,126.0,180.0,0.0,2,0
67,LP001233,0.0,1.0,1,1,0.0,10750,0.0,312.0,360.0,1.0,2,1
68,LP001238,0.0,1.0,3,0,1.0,7100,0.0,125.0,60.0,1.0,2,1
69,LP001241,1.0,0.0,0,1,0.0,4300,0.0,136.0,360.0,0.0,1,0
70,LP001243,0.0,1.0,0,1,0.0,3208,3066.0,172.0,360.0,1.0,2,1
71,LP001245,0.0,1.0,2,0,1.0,1875,1875.0,97.0,360.0,1.0,1,1
72,LP001248,0.0,0.0,0,1,0.0,3500,0.0,81.0,300.0,1.0,1,1
73,LP001250,0.0,1.0,3,0,0.0,4755,0.0,95.0,342.0,0.0,1,0
74,LP001253,0.0,1.0,3,1,1.0,5266,1774.0,187.0,360.0,1.0,1,1
75,LP001255,0.0,0.0,0,1,0.0,3750,0.0,113.0,480.0,1.0,2,0
76,LP001256,0.0,0.0,0,1,0.0,3750,4750.0,176.0,360.0,1.0,2,0
77,LP001259,0.0,1.0,1,1,1.0,1000,3022.0,110.0,360.0,1.0,2,0
78,LP001263,0.0,1.0,3,1,0.0,3167,4000.0,180.0,300.0,0.0,1,0
79,LP001264,0.0,1.0,3,0,1.0,3333,2166.0,130.0,360.0,1.0,1,1
80,LP001265,1.0,0.0,0,1,0.0,3846,0.0,111.0,360.0,1.0,1,1
81,LP001266,0.0,1.0,1,1,1.0,2395,0.0,146.41216216216216,360.0,1.0,1,1
82,LP001267,1.0,1.0,2,1,0.0,1378,1881.0,167.0,360.0,1.0,2,0
83,LP001273,0.0,1.0,0,1,0.0,6000,2250.0,265.0,360.0,1.0,1,0
84,LP001275,0.0,1.0,1,1,0.0,3988,0.0,50.0,240.0,1.0,2,1
85,LP001279,0.0,0.0,0,1,0.0,2366,2531.0,136.0,360.0,1.0,1,1
86,LP001280,0.0,1.0,2,0,0.0,3333,2000.0,99.0,360.0,1.0,1,1
87,LP001282,0.0,1.0,0,1,0.0,2500,2118.0,104.0,360.0,1.0,1,1
88,LP001289,0.0,0.0,0,1,0.0,8566,0.0,210.0,360.0,1.0,2,1
89,LP001310,0.0,1.0,0,1,0.0,5695,4167.0,175.0,360.0,1.0,1,1
90,LP001316,0.0,1.0,0,1,0.0,2958,2900.0,131.0,360.0,1.0,1,1
91,LP001318,0.0,1.0,2,1,0.0,6250,5654.0,188.0,180.0,1.0,1,1
92,LP001319,0.0,1.0,2,0,0.0,3273,1820.0,81.0,360.0,1.0,2,1
93,LP001322,0.0,0.0,0,1,0.0,4133,0.0,122.0,360.0,1.0,1,1
94,LP001325,0.0,0.0,0,0,0.0,3620,0.0,25.0,120.0,1.0,1,1
95,LP001326,0.0,0.0,0,1,0.0,6782,0.0,146.41216216216216,360.0,1.0,2,0
96,LP001327,1.0,1.0,0,1,0.0,2484,2302.0,137.0,360.0,1.0,1,1
97,LP001333,0.0,1.0,0,1,0.0,1977,997.0,50.0,360.0,1.0,1,1
98,LP001334,0.0,1.0,0,0,0.0,4188,0.0,115.0,180.0,1.0,1,1
99,LP001343,0.0,1.0,0,1,0.0,1759,3541.0,131.0,360.0,1.0,1,1
100,LP001345,0.0,1.0,2,0,0.0,4288,3263.0,133.0,180.0,1.0,2,1
101,LP001349,0.0,0.0,0,1,0.0,4843,3806.0,151.0,360.0,1.0,1,1
102,LP001350,0.0,1.0,0,1,0.0,13650,0.0,146.41216216216216,360.0,1.0,2,1
103,LP001356,0.0,1.0,0,1,0.0,4652,3583.0,146.41216216216216,360.0,1.0,1,1
104,LP001357,0.0,1.0,0,1,0.0,3816,754.0,160.0,360.0,1.0,2,1
105,LP001367,0.0,1.0,1,1,0.0,3052,1030.0,100.0,360.0,1.0,2,1
106,LP001369,0.0,1.0,2,1,0.0,11417,1126.0,225.0,360.0,1.0,2,1
107,LP001370,0.0,0.0,0,0,0.0,7333,0.0,120.0,360.0,1.0,0,0
108,LP001379,0.0,1.0,2,1,0.0,3800,3600.0,216.0,360.0,0.0,2,0
109,LP001384,0.0,1.0,3,0,0.0,2071,754.0,94.0,480.0,1.0,1,1
110,LP001385,0.0,0.0,0,1,0.0,5316,0.0,136.0,360.0,1.0,2,1
111,LP001387,1.0,1.0,0,1,0.0,2929,2333.0,139.0,360.0,1.0,1,1
112,LP001391,0.0,1.0,0,0,0.0,3572,4114.0,152.0,342.0,0.0,0,0
113,LP001392,1.0,0.0,1,1,1.0,7451,0.0,146.41216216216216,360.0,1.0,1,1
114,LP001398,0.0,0.0,0,1,0.0,5050,0.0,118.0,360.0,1.0,1,1
115,LP001401,0.0,1.0,1,1,0.0,14583,0.0,185.0,180.0,1.0,0,1
116,LP001404,1.0,1.0,0,1,0.0,3167,2283.0,154.0,360.0,1.0,1,1
117,LP001405,0.0,1.0,1,1,0.0,2214,1398.0,85.0,360.0,1.0,2,1
118,LP001421,0.0,1.0,0,1,0.0,5568,2142.0,175.0,360.0,1.0,0,0
119,LP001422,1.0,0.0,0,1,0.0,10408,0.0,259.0,360.0,1.0,2,1
120,LP001426,0.0,1.0,0,1,0.0,5667,2667.0,180.0,360.0,1.0,0,1
121,LP001430,1.0,0.0,0,1,0.0,4166,0.0,44.0,360.0,1.0,1,1
122,LP001431,1.0,0.0,0,1,0.0,2137,8980.0,137.0,360.0,0.0,1,1
123,LP001432,0.0,1.0,2,1,0.0,2957,0.0,81.0,360.0,1.0,1,1
124,LP001439,0.0,1.0,0,0,0.0,4300,2014.0,194.0,360.0,1.0,0,1
125,LP001443,1.0,0.0,0,1,0.0,3692,0.0,93.0,360.0,1.0,0,1
126,LP001448,0.0,1.0,3,1,0.0,23803,0.0,370.0,360.0,1.0,0,1
127,LP001449,0.0,0.0,0,1,0.0,3865,1640.0,146.41216216216216,360.0,1.0,0,1
128,LP001451,0.0,1.0,1,1,1.0,10513,3850.0,160.0,180.0,0.0,2,0
129,LP001465,0.0,1.0,0,1,0.0,6080,2569.0,182.0,360.0,1.0,0,0
130,LP001469,0.0,0.0,0,1,1.0,20166,0.0,650.0,480.0,1.0,2,1
131,LP001473,0.0,0.0,0,1,0.0,2014,1929.0,74.0,360.0,1.0,2,1
132,LP001478,0.0,0.0,0,1,0.0,2718,0.0,70.0,360.0,1.0,1,1
133,LP001482,0.0,1.0,0,1,1.0,3459,0.0,25.0,120.0,1.0,1,1
134,LP001487,0.0,0.0,0,1,0.0,4895,0.0,102.0,360.0,1.0,1,1
135,LP001488,0.0,1.0,3,1,0.0,4000,7750.0,290.0,360.0,1.0,1,0
136,LP001489,1.0,1.0,0,1,0.0,4583,0.0,84.0,360.0,1.0,0,0
137,LP001491,0.0,1.0,2,1,1.0,3316,3500.0,88.0,360.0,1.0,2,1
138,LP001492,0.0,0.0,0,1,0.0,14999,0.0,242.0,360.0,0.0,1,0
139,LP001493,0.0,1.0,2,0,0.0,4200,1430.0,129.0,360.0,1.0,0,0
140,LP001497,0.0,1.0,2,1,0.0,5042,2083.0,185.0,360.0,1.0,0,0
141,LP001498,0.0,0.0,0,1,0.0,5417,0.0,168.0,360.0,1.0,2,1
142,LP001504,0.0,0.0,0,1,1.0,6950,0.0,175.0,180.0,1.0,1,1
143,LP001507,0.0,1.0,0,1,0.0,2698,2034.0,122.0,360.0,1.0,1,1
144,LP001508,0.0,1.0,2,1,0.0,11757,0.0,187.0,180.0,1.0,2,1
145,LP001514,1.0,1.0,0,1,0.0,2330,4486.0,100.0,360.0,1.0,1,1
146,LP001516,1.0,1.0,2,1,0.0,14866,0.0,70.0,360.0,1.0,2,1
147,LP001518,0.0,1.0,1,1,0.0,1538,1425.0,30.0,360.0,1.0,2,1
148,LP001519,1.0,0.0,0,1,0.0,10000,1666.0,225.0,360.0,1.0,0,0
149,LP001520,0.0,1.0,0,1,0.0,4860,830.0,125.0,360.0,1.0,1,1
150,LP001528,0.0,0.0,0,1,0.0,6277,0.0,118.0,360.0,0.0,0,0
151,LP001529,0.0,1.0,0,1,1.0,2577,3750.0,152.0,360.0,1.0,0,1
152,LP001531,0.0,0.0,0,1,0.0,9166,0.0,244.0,360.0,1.0,2,0
153,LP001532,0.0,1.0,2,0,0.0,2281,0.0,113.0,360.0,1.0,0,0
154,LP001535,0.0,0.0,0,1,0.0,3254,0.0,50.0,360.0,1.0,2,1
155,LP001536,0.0,1.0,3,1,0.0,39999,0.0,600.0,180.0,0.0,1,1
156,LP001541,0.0,1.0,1,1,0.0,6000,0.0,160.0,360.0,1.0,0,1
157,LP001543,0.0,1.0,1,1,0.0,9538,0.0,187.0,360.0,1.0,2,1
158,LP001546,0.0,0.0,0,1,0.0,2980,2083.0,120.0,360.0,1.0,0,1
159,LP001552,0.0,1.0,0,1,0.0,4583,5625.0,255.0,360.0,1.0,1,1
160,LP001560,0.0,1.0,0,0,0.0,1863,1041.0,98.0,360.0,1.0,1,1
161,LP001562,0.0,1.0,0,1,0.0,7933,0.0,275.0,360.0,1.0,2,0
162,LP001565,0.0,1.0,1,1,0.0,3089,1280.0,121.0,360.0,0.0,1,0
163,LP001570,0.0,1.0,2,1,0.0,4167,1447.0,158.0,360.0,1.0,0,1
164,LP001572,0.0,1.0,0,1,0.0,9323,0.0,75.0,180.0,1.0,2,1
165,LP001574,0.0,1.0,0,1,0.0,3707,3166.0,182.0,342.0,1.0,0,1
166,LP001577,1.0,1.0,0,1,0.0,4583,0.0,112.0,360.0,1.0,0,0
167,LP001578,0.0,1.0,0,1,0.0,2439,3333.0,129.0,360.0,1.0,0,1
168,LP001579,0.0,0.0,0,1,0.0,2237,0.0,63.0,480.0,0.0,1,0
169,LP001580,0.0,1.0,2,1,0.0,8000,0.0,200.0,360.0,1.0,1,1
170,LP001581,0.0,1.0,0,0,0.0,1820,1769.0,95.0,360.0,1.0,0,1
171,LP001585,0.0,1.0,3,1,0.0,51763,0.0,700.0,300.0,1.0,2,1
172,LP001586,0.0,1.0,3,0,0.0,3522,0.0,81.0,180.0,1.0,0,0
173,LP001594,0.0,1.0,0,1,0.0,5708,5625.0,187.0,360.0,1.0,1,1
174,LP001603,0.0,1.0,0,0,1.0,4344,736.0,87.0,360.0,1.0,1,0
175,LP001606,0.0,1.0,0,1,0.0,3497,1964.0,116.0,360.0,1.0,0,1
176,LP001608,0.0,1.0,2,1,0.0,2045,1619.0,101.0,360.0,1.0,0,1
177,LP001610,0.0,1.0,3,1,0.0,5516,11300.0,495.0,360.0,0.0,1,0
178,LP001616,0.0,1.0,1,1,0.0,3750,0.0,116.0,360.0,1.0,1,1
179,LP001630,0.0,0.0,0,0,0.0,2333,1451.0,102.0,480.0,0.0,2,0
180,LP001633,0.0,1.0,1,1,0.0,6400,7250.0,180.0,360.0,0.0,2,0
181,LP001634,0.0,0.0,0,1,0.0,1916,5063.0,67.0,360.0,1.0,0,0
182,LP001636,0.0,1.0,0,1,0.0,4600,0.0,73.0,180.0,1.0,1,1
183,LP001637,0.0,1.0,1,1,0.0,33846,0.0,260.0,360.0,1.0,1,0
184,LP001639,1.0,1.0,0,1,0.0,3625,0.0,108.0,360.0,1.0,1,1
185,LP001640,0.0,1.0,0,1,1.0,39147,4750.0,120.0,360.0,1.0,1,1
186,LP001641,0.0,1.0,1,1,1.0,2178,0.0,66.0,300.0,0.0,0,0
187,LP001643,0.0,1.0,0,1,0.0,2383,2138.0,58.0,360.0,1.0,0,1
188,LP001644,0.0,1.0,0,1,1.0,674,5296.0,168.0,360.0,1.0,0,1
189,LP001647,0.0,1.0,0,1,0.0,9328,0.0,188.0,180.0,1.0,0,1
190,LP001653,0.0,0.0,0,0,0.0,4885,0.0,48.0,360.0,1.0,0,1
191,LP001656,0.0,0.0,0,1,0.0,12000,0.0,164.0,360.0,1.0,1,0
192,LP001657,0.0,1.0,0,0,0.0,6033,0.0,160.0,360.0,1.0,2,0
193,LP001658,0.0,0.0,0,1,0.0,3858,0.0,76.0,360.0,1.0,1,1
194,LP001664,0.0,0.0,0,1,0.0,4191,0.0,120.0,360.0,1.0,0,1
195,LP001665,0.0,1.0,1,1,0.0,3125,2583.0,170.0,360.0,1.0,1,0
196,LP001666,0.0,0.0,0,1,0.0,8333,3750.0,187.0,360.0,1.0,0,1
197,LP001669,1.0,0.0,0,0,0.0,1907,2365.0,120.0,342.0,1.0,2,1
198,LP001671,1.0,1.0,0,1,0.0,3416,2816.0,113.0,360.0,1.0,1,1
199,LP001673,0.0,0.0,0,1,1.0,11000,0.0,83.0,360.0,1.0,2,0
200,LP001674,0.0,1.0,1,0,0.0,2600,2500.0,90.0,360.0,1.0,1,1
201,LP001677,0.0,0.0,2,1,0.0,4923,0.0,166.0,360.0,0.0,1,1
202,LP001682,0.0,1.0,3,0,0.0,3992,0.0,146.41216216216216,180.0,1.0,2,0
203,LP001688,0.0,1.0,1,0,0.0,3500,1083.0,135.0,360.0,1.0,2,1
204,LP001691,0.0,1.0,2,0,0.0,3917,0.0,124.0,360.0,1.0,1,1
205,LP001692,1.0,0.0,0,0,0.0,4408,0.0,120.0,360.0,1.0,1,1
206,LP001693,1.0,0.0,0,1,0.0,3244,0.0,80.0,360.0,1.0,2,1
207,LP001698,0.0,0.0,0,0,0.0,3975,2531.0,55.0,360.0,1.0,0,1
208,LP001699,0.0,0.0,0,1,0.0,2479,0.0,59.0,360.0,1.0,2,1
209,LP001702,0.0,0.0,0,1,0.0,3418,0.0,127.0,360.0,1.0,1,0
210,LP001708,1.0,0.0,0,1,0.0,10000,0.0,214.0,360.0,1.0,1,0
211,LP001711,0.0,1.0,3,1,0.0,3430,1250.0,128.0,360.0,0.0,1,0
212,LP001713,0.0,1.0,1,1,1.0,7787,0.0,240.0,360.0,1.0,2,1
213,LP001715,0.0,1.0,3,0,1.0,5703,0.0,130.0,360.0,1.0,0,1
214,LP001716,0.0,1.0,0,1,0.0,3173,3021.0,137.0,360.0,1.0,2,1
215,LP001720,0.0,1.0,3,0,0.0,3850,983.0,100.0,360.0,1.0,1,1
216,LP001722,0.0,1.0,0,1,0.0,150,1800.0,135.0,360.0,1.0,0,0
217,LP001726,0.0,1.0,0,1,0.0,3727,1775.0,131.0,360.0,1.0,1,1
218,LP001732,0.0,1.0,2,1,0.0,5000,0.0,72.0,360.0,0.0,1,0
219,LP001734,1.0,1.0,2,1,0.0,4283,2383.0,127.0,360.0,1.0,1,1
220,LP001736,0.0,1.0,0,1,0.0,2221,0.0,60.0,360.0,0.0,2,0
221,LP001743,0.0,1.0,2,1,0.0,4009,1717.0,116.0,360.0,1.0,1,1
222,LP001744,0.0,0.0,0,1,0.0,2971,2791.0,144.0,360.0,1.0,1,1
223,LP001749,0.0,1.0,0,1,0.0,7578,1010.0,175.0,342.0,1.0,1,1
224,LP001750,0.0,1.0,0,1,0.0,6250,0.0,128.0,360.0,1.0,1,1
225,LP001751,0.0,1.0,0,1,0.0,3250,0.0,170.0,360.0,1.0,0,0
226,LP001754,0.0,1.0,0,0,1.0,4735,0.0,138.0,360.0,1.0,2,0
227,LP001758,0.0,1.0,2,1,0.0,6250,1695.0,210.0,360.0,1.0,1,1
228,LP001760,0.0,1.0,0,1,0.0,4758,0.0,158.0,480.0,1.0,1,1
229,LP001761,0.0,0.0,0,1,1.0,6400,0.0,200.0,360.0,1.0,0,1
230,LP001765,0.0,1.0,1,1,0.0,2491,2054.0,104.0,360.0,1.0,1,1
231,LP001768,0.0,1.0,0,1,0.0,3716,0.0,42.0,180.0,1.0,0,1
232,LP001770,0.0,0.0,0,0,0.0,3189,2598.0,120.0,342.0,1.0,0,1
233,LP001776,1.0,0.0,0,1,0.0,8333,0.0,280.0,360.0,1.0,1,1
234,LP001778,0.0,1.0,1,1,0.0,3155,1779.0,140.0,360.0,1.0,1,1
235,LP001784,0.0,1.0,1,1,0.0,5500,1260.0,170.0,360.0,1.0,0,1
236,LP001786,0.0,1.0,0,1,0.0,5746,0.0,255.0,360.0,1.0,2,0
237,LP001788,1.0,0.0,0,1,1.0,3463,0.0,122.0,360.0,1.0,2,1
238,LP001790,1.0,0.0,1,1,0.0,3812,0.0,112.0,360.0,1.0,0,1
239,LP001792,0.0,1.0,1,1,0.0,3315,0.0,96.0,360.0,1.0,1,1
240,LP001798,0.0,1.0,2,1,0.0,5819,5000.0,120.0,360.0,1.0,0,1
241,LP001800,0.0,1.0,1,0,0.0,2510,1983.0,140.0,180.0,1.0,2,0
242,LP001806,0.0,0.0,0,1,0.0,2965,5701.0,155.0,60.0,1.0,2,1
243,LP001807,0.0,1.0,2,1,1.0,6250,1300.0,108.0,360.0,1.0,0,1
244,LP001811,0.0,1.0,0,0,0.0,3406,4417.0,123.0,360.0,1.0,1,1
245,LP001813,0.0,0.0,0,1,1.0,6050,4333.0,120.0,180.0,1.0,2,0
246,LP001814,0.0,1.0,2,1,0.0,9703,0.0,112.0,360.0,1.0,2,1
247,LP001819,0.0,1.0,1,0,0.0,6608,0.0,137.0,180.0,1.0,2,1
248,LP001824,0.0,1.0,1,1,0.0,2882,1843.0,123.0,480.0,1.0,1,1
249,LP001825,0.0,1.0,0,1,0.0,1809,1868.0,90.0,360.0,1.0,2,1
250,LP001835,0.0,1.0,0,0,0.0,1668,3890.0,201.0,360.0,0.0,1,0
251,LP001836,1.0,0.0,2,1,0.0,3427,0.0,138.0,360.0,1.0,2,0
252,LP001841,0.0,0.0,0,0,1.0,2583,2167.0,104.0,360.0,1.0,0,1
253,LP001843,0.0,1.0,1,0,0.0,2661,7101.0,279.0,180.0,1.0,1,1
254,LP001844,0.0,0.0,0,1,1.0,16250,0.0,192.0,360.0,0.0,2,0
255,LP001846,1.0,0.0,3,1,0.0,3083,0.0,255.0,360.0,1.0,0,1
256,LP001849,0.0,0.0,0,0,0.0,6045,0.0,115.0,360.0,0.0,0,0
257,LP001854,0.0,1.0,3,1,0.0,5250,0.0,94.0,360.0,1.0,2,0
258,LP001859,0.0,1.0,0,1,0.0,14683,2100.0,304.0,360.0,1.0,0,0
259,LP001864,0.0,1.0,3,0,0.0,4931,0.0,128.0,360.0,1.0,1,0
260,LP001865,0.0,1.0,1,1,0.0,6083,4250.0,330.0,360.0,1.0,2,1
261,LP001868,0.0,0.0,0,1,0.0,2060,2209.0,134.0,360.0,1.0,1,1
262,LP001870,1.0,0.0,1,1,0.0,3481,0.0,155.0,36.0,1.0,1,0
263,LP001871,1.0,0.0,0,1,0.0,7200,0.0,120.0,360.0,1.0,0,1
264,LP001872,0.0,0.0,0,1,1.0,5166,0.0,128.0,360.0,1.0,1,1
265,LP001875,0.0,0.0,0,1,0.0,4095,3447.0,151.0,360.0,1.0,0,1
266,LP001877,0.0,1.0,2,1,0.0,4708,1387.0,150.0,360.0,1.0,1,1
267,LP001882,0.0,1.0,3,1,0.0,4333,1811.0,160.0,360.0,0.0,2,1
268,LP001883,1.0,0.0,0,1,0.0,3418,0.0,135.0,360.0,1.0,0,0
269,LP001884,1.0,0.0,1,1,0.0,2876,1560.0,90.0,360.0,1.0,2,1
270,LP001888,1.0,0.0,0,1,0.0,3237,0.0,30.0,360.0,1.0,2,1
271,LP001891,0.0,1.0,0,1,0.0,11146,0.0,136.0,360.0,1.0,2,1
272,LP001892,0.0,0.0,0,1,0.0,2833,1857.0,126.0,360.0,1.0,0,1
273,LP001894,0.0,1.0,0,1,0.0,2620,2223.0,150.0,360.0,1.0,1,1
274,LP001896,0.0,1.0,2,1,0.0,3900,0.0,90.0,360.0,1.0,1,1
275,LP001900,0.0,1.0,1,1,0.0,2750,1842.0,115.0,360.0,1.0,1,1
276,LP001903,0.0,1.0,0,1,0.0,3993,3274.0,207.0,360.0,1.0,1,1
277,LP001904,0.0,1.0,0,1,0.0,3103,1300.0,80.0,360.0,1.0,2,1
278,LP001907,0.0,1.0,0,1,0.0,14583,0.0,436.0,360.0,1.0,1,1
279,LP001908,1.0,1.0,0,0,0.0,4100,0.0,124.0,360.0,1.0,0,1
280,LP001910,0.0,0.0,1,0,1.0,4053,2426.0,158.0,360.0,0.0,2,0
281,LP001914,0.0,1.0,0,1,0.0,3927,800.0,112.0,360.0,1.0,1,1
282,LP001915,0.0,1.0,2,1,0.0,2301,985.7999878,78.0,180.0,1.0,2,1
283,LP001917,1.0,0.0,0,1,0.0,1811,1666.0,54.0,360.0,1.0,2,1
284,LP001922,0.0,1.0,0,1,0.0,20667,0.0,146.41216216216216,360.0,1.0,0,0
285,LP001924,0.0,0.0,0,1,0.0,3158,3053.0,89.0,360.0,1.0,0,1
286,LP001925,1.0,0.0,0,1,1.0,2600,1717.0,99.0,300.0,1.0,1,0
287,LP001926,0.0,1.0,0,1,0.0,3704,2000.0,120.0,360.0,1.0,0,1
288,LP001931,1.0,0.0,0,1,0.0,4124,0.0,115.0,360.0,1.0,1,1
289,LP001935,0.0,0.0,0,1,0.0,9508,0.0,187.0,360.0,1.0,0,1
290,LP001936,0.0,1.0,0,1,0.0,3075,2416.0,139.0,360.0,1.0,0,1
291,LP001938,0.0,1.0,2,1,0.0,4400,0.0,127.0,360.0,0.0,1,0
292,LP001940,0.0,1.0,2,1,0.0,3153,1560.0,134.0,360.0,1.0,2,1
293,LP001945,1.0,0.0,0,1,0.0,5417,0.0,143.0,480.0,0.0,2,0
294,LP001947,0.0,1.0,0,1,0.0,2383,3334.0,172.0,360.0,1.0,1,1
295,LP001949,0.0,1.0,3,1,0.0,4416,1250.0,110.0,360.0,1.0,2,1
296,LP001953,0.0,1.0,1,1,0.0,6875,0.0,200.0,360.0,1.0,1,1
297,LP001954,1.0,1.0,1,1,0.0,4666,0.0,135.0,360.0,1.0,2,1
298,LP001955,1.0,0.0,0,1,0.0,5000,2541.0,151.0,480.0,1.0,0,0
299,LP001963,0.0,1.0,1,1,0.0,2014,2925.0,113.0,360.0,1.0,2,0
300,LP001964,0.0,1.0,0,0,0.0,1800,2934.0,93.0,360.0,0.0,2,0
301,LP001972,0.0,1.0,0,0,0.0,2875,1750.0,105.0,360.0,1.0,1,1
302,LP001974,1.0,0.0,0,1,0.0,5000,0.0,132.0,360.0,1.0,0,1
303,LP001977,0.0,1.0,1,1,0.0,1625,1803.0,96.0,360.0,1.0,2,1
304,LP001978,0.0,0.0,0,1,0.0,4000,2500.0,140.0,360.0,1.0,0,1
305,LP001990,0.0,0.0,0,0,0.0,2000,0.0,146.41216216216216,360.0,1.0,2,0
306,LP001993,1.0,0.0,0,1,0.0,3762,1666.0,135.0,360.0,1.0,0,1
307,LP001994,1.0,0.0,0,1,0.0,2400,1863.0,104.0,360.0,0.0,2,0
308,LP001996,0.0,0.0,0,1,0.0,20233,0.0,480.0,360.0,1.0,0,0
309,LP001998,0.0,1.0,2,0,0.0,7667,0.0,185.0,360.0,1.0,0,1
310,LP002002,1.0,0.0,0,1,0.0,2917,0.0,84.0,360.0,1.0,1,1
311,LP002004,0.0,0.0,0,0,0.0,2927,2405.0,111.0,360.0,1.0,1,1
312,LP002006,1.0,0.0,0,1,0.0,2507,0.0,56.0,360.0,1.0,0,1
313,LP002008,0.0,1.0,2,1,1.0,5746,0.0,144.0,84.0,1.0,0,1
314,LP002024,0.0,1.0,0,1,0.0,2473,1843.0,159.0,360.0,1.0,0,0
315,LP002031,0.0,1.0,1,0,0.0,3399,1640.0,111.0,180.0,1.0,2,1
316,LP002035,0.0,1.0,2,1,0.0,3717,0.0,120.0,360.0,1.0,1,1
317,LP002036,0.0,1.0,0,1,0.0,2058,2134.0,88.0,360.0,1.0,2,1
318,LP002043,1.0,0.0,1,1,0.0,3541,0.0,112.0,360.0,1.0,1,1
319,LP002050,0.0,1.0,1,1,1.0,10000,0.0,155.0,360.0,1.0,0,0
320,LP002051,0.0,1.0,0,1,0.0,2400,2167.0,115.0,360.0,1.0,1,1
321,LP002053,0.0,1.0,3,1,0.0,4342,189.0,124.0,360.0,1.0,1,1
322,LP002054,0.0,1.0,2,0,0.0,3601,1590.0,146.41216216216216,360.0,1.0,0,1
323,LP002055,1.0,0.0,0,1,0.0,3166,2985.0,132.0,360.0,1.0,0,1
324,LP002065,0.0,1.0,3,1,0.0,15000,0.0,300.0,360.0,1.0,0,1
325,LP002067,0.0,1.0,1,1,1.0,8666,4983.0,376.0,360.0,0.0,0,0
326,LP002068,0.0,0.0,0,1,0.0,4917,0.0,130.0,360.0,0.0,0,1
327,LP002082,0.0,1.0,0,1,1.0,5818,2160.0,184.0,360.0,1.0,1,1
328,LP002086,1.0,1.0,0,1,0.0,4333,2451.0,110.0,360.0,1.0,2,0
329,LP002087,1.0,0.0,0,1,0.0,2500,0.0,67.0,360.0,1.0,2,1
330,LP002097,0.0,0.0,1,1,0.0,4384,1793.0,117.0,360.0,1.0,2,1
331,LP002098,0.0,0.0,0,1,0.0,2935,0.0,98.0,360.0,1.0,1,1
332,LP002100,0.0,0.0,0,1,0.0,2833,0.0,71.0,360.0,1.0,2,1
333,LP002101,0.0,1.0,0,1,0.0,63337,0.0,490.0,180.0,1.0,2,1
334,LP002103,0.0,1.0,1,1,1.0,9833,1833.0,182.0,180.0,1.0,2,1
335,LP002106,0.0,1.0,0,1,1.0,5503,4490.0,70.0,342.0,1.0,1,1
336,LP002110,0.0,1.0,1,1,0.0,5250,688.0,160.0,360.0,1.0,0,1
337,LP002112,0.0,1.0,2,1,1.0,2500,4600.0,176.0,360.0,1.0,0,1
338,LP002113,1.0,0.0,3,0,0.0,1830,0.0,146.41216216216216,360.0,0.0,2,0
339,LP002114,1.0,0.0,0,1,0.0,4160,0.0,71.0,360.0,1.0,1,1
340,LP002115,0.0,1.0,3,0,0.0,2647,1587.0,173.0,360.0,1.0,0,0
341,LP002116,1.0,0.0,0,1,0.0,2378,0.0,46.0,360.0,1.0,0,0
342,LP002119,0.0,1.0,1,0,0.0,4554,1229.0,158.0,360.0,1.0,2,1
343,LP002126,0.0,1.0,3,0,0.0,3173,0.0,74.0,360.0,1.0,1,1
344,LP002128,0.0,1.0,2,1,0.0,2583,2330.0,125.0,360.0,1.0,0,1
345,LP002129,0.0,1.0,0,1,0.0,2499,2458.0,160.0,360.0,1.0,1,1
346,LP002130,0.0,1.0,0,0,0.0,3523,3230.0,152.0,360.0,0.0,0,0
347,LP002131,0.0,1.0,2,0,0.0,3083,2168.0,126.0,360.0,1.0,2,1
348,LP002137,0.0,1.0,0,1,0.0,6333,4583.0,259.0,360.0,1.0,1,1
349,LP002138,0.0,1.0,0,1,0.0,2625,6250.0,187.0,360.0,1.0,0,1
350,LP002139,0.0,1.0,0,1,0.0,9083,0.0,228.0,360.0,1.0,1,1
351,LP002140,0.0,0.0,0,1,0.0,8750,4167.0,308.0,360.0,1.0,0,0
352,LP002141,0.0,1.0,3,1,0.0,2666,2083.0,95.0,360.0,1.0,0,1
353,LP002142,1.0,1.0,0,1,1.0,5500,0.0,105.0,360.0,0.0,0,0
354,LP002143,1.0,1.0,0,1,0.0,2423,505.0,130.0,360.0,1.0,1,1
355,LP002144,1.0,0.0,0,1,0.0,3813,0.0,116.0,180.0,1.0,2,1
356,LP002149,0.0,1.0,2,1,0.0,8333,3167.0,165.0,360.0,1.0,0,1
357,LP002151,0.0,1.0,1,1,0.0,3875,0.0,67.0,360.0,1.0,2,0
358,LP002158,0.0,1.0,0,0,0.0,3000,1666.0,100.0,480.0,0.0,2,0
359,LP002160,0.0,1.0,3,1,0.0,5167,3167.0,200.0,360.0,1.0,1,1
360,LP002161,1.0,0.0,1,1,0.0,4723,0.0,81.0,360.0,1.0,1,0
361,LP002170,0.0,1.0,2,1,0.0,5000,3667.0,236.0,360.0,1.0,1,1
362,LP002175,0.0,1.0,0,1,0.0,4750,2333.0,130.0,360.0,1.0,2,1
363,LP002178,0.0,1.0,0,1,0.0,3013,3033.0,95.0,300.0,1.0,2,1
364,LP002180,0.0,0.0,0,1,1.0,6822,0.0,141.0,360.0,1.0,0,1
365,LP002181,0.0,0.0,0,0,0.0,6216,0.0,133.0,360.0,1.0,0,0
366,LP002187,0.0,0.0,0,1,0.0,2500,0.0,96.0,480.0,1.0,1,0
367,LP002188,0.0,0.0,0,1,0.0,5124,0.0,124.0,342.0,0.0,0,0
368,LP002190,0.0,1.0,1,1,0.0,6325,0.0,175.0,360.0,1.0,1,1
369,LP002191,0.0,1.0,0,1,0.0,19730,5266.0,570.0,360.0,1.0,0,0
370,LP002194,1.0,0.0,0,1,1.0,15759,0.0,55.0,360.0,1.0,1,1
371,LP002197,0.0,1.0,2,1,0.0,5185,0.0,155.0,360.0,1.0,1,1
372,LP002201,0.0,1.0,2,1,1.0,9323,7873.0,380.0,300.0,1.0,0,1
373,LP002205,0.0,0.0,1,1,0.0,3062,1987.0,111.0,180.0,0.0,2,0
374,LP002209,1.0,0.0,0,1,0.0,2764,1459.0,110.0,360.0,1.0,2,1
375,LP002211,0.0,1.0,0,1,0.0,4817,923.0,120.0,180.0,1.0,2,1
376,LP002219,0.0,1.0,3,1,0.0,8750,4996.0,130.0,360.0,1.0,0,1
377,LP002223,0.0,1.0,0,1,0.0,4310,0.0,130.0,360.0,1.0,1,1
378,LP002224,0.0,0.0,0,1,0.0,3069,0.0,71.0,480.0,1.0,2,0
379,LP002225,0.0,1.0,2,1,0.0,5391,0.0,130.0,360.0,1.0,2,1
380,LP002226,0.0,1.0,0,1,0.0,3333,2500.0,128.0,360.0,1.0,1,1
381,LP002229,0.0,0.0,0,1,0.0,5941,4232.0,296.0,360.0,1.0,1,1
382,LP002231,1.0,0.0,0,1,0.0,6000,0.0,156.0,360.0,1.0,2,1
383,LP002234,0.0,0.0,0,1,1.0,7167,0.0,128.0,360.0,1.0,2,1
384,LP002236,0.0,1.0,2,1,0.0,4566,0.0,100.0,360.0,1.0,2,0
385,LP002237,0.0,0.0,1,1,0.0,3667,0.0,113.0,180.0,1.0,2,1
386,LP002239,0.0,0.0,0,0,0.0,2346,1600.0,132.0,360.0,1.0,1,1
387,LP002243,0.0,1.0,0,0,0.0,3010,3136.0,146.41216216216216,360.0,0.0,2,0
388,LP002244,0.0,1.0,0,1,0.0,2333,2417.0,136.0,360.0,1.0,2,1
389,LP002250,0.0,1.0,0,1,0.0,5488,0.0,125.0,360.0,1.0,0,1
390,LP002255,0.0,0.0,3,1,0.0,9167,0.0,185.0,360.0,1.0,0,1
391,LP002262,0.0,1.0,3,1,0.0,9504,0.0,275.0,360.0,1.0,0,1
392,LP002263,0.0,1.0,0,1,0.0,2583,2115.0,120.0,360.0,1.0,2,1
393,LP002265,0.0,1.0,2,0,0.0,1993,1625.0,113.0,180.0,1.0,1,1
394,LP002266,0.0,1.0,2,1,0.0,3100,1400.0,113.0,360.0,1.0,2,1
395,LP002272,0.0,1.0,2,1,0.0,3276,484.0,135.0,360.0,1.0,1,1
396,LP002277,1.0,0.0,0,1,0.0,3180,0.0,71.0,360.0,0.0,2,0
397,LP002281,0.0,1.0,0,1,0.0,3033,1459.0,95.0,360.0,1.0,2,1
398,LP002284,0.0,0.0,0,0,0.0,3902,1666.0,109.0,360.0,1.0,0,1
399,LP002287,1.0,0.0,0,1,0.0,1500,1800.0,103.0,360.0,0.0,1,0
400,LP002288,0.0,1.0,2,0,0.0,2889,0.0,45.0,180.0,0.0,2,0
401,LP002296,0.0,0.0,0,0,0.0,2755,0.0,65.0,300.0,1.0,0,0
402,LP002297,0.0,0.0,0,1,0.0,2500,20000.0,103.0,360.0,1.0,1,1
403,LP002300,1.0,0.0,0,0,0.0,1963,0.0,53.0,360.0,1.0,1,1
404,LP002301,1.0,0.0,0,1,1.0,7441,0.0,194.0,360.0,1.0,0,0
405,LP002305,1.0,0.0,0,1,0.0,4547,0.0,115.0,360.0,1.0,1,1
406,LP002308,0.0,1.0,0,0,0.0,2167,2400.0,115.0,360.0,1.0,2,1
407,LP002314,1.0,0.0,0,0,0.0,2213,0.0,66.0,360.0,1.0,0,1
408,LP002315,0.0,1.0,1,1,0.0,8300,0.0,152.0,300.0,0.0,1,0
409,LP002317,0.0,1.0,3,1,0.0,81000,0.0,360.0,360.0,0.0,0,0
410,LP002318,1.0,0.0,1,0,1.0,3867,0.0,62.0,360.0,1.0,1,0
411,LP002319,0.0,1.0,0,1,0.0,6256,0.0,160.0,360.0,1.0,2,1
412,LP002328,0.0,1.0,0,0,0.0,6096,0.0,218.0,360.0,0.0,0,0
413,LP002332,0.0,1.0,0,0,0.0,2253,2033.0,110.0,360.0,1.0,0,1
414,LP002335,1.0,1.0,0,0,0.0,2149,3237.0,178.0,360.0,0.0,1,0
415,LP002337,1.0,0.0,0,1,0.0,2995,0.0,60.0,360.0,1.0,2,1
416,LP002341,1.0,0.0,1,1,0.0,2600,0.0,160.0,360.0,1.0,2,0
417,LP002342,0.0,1.0,2,1,1.0,1600,20000.0,239.0,360.0,1.0,2,0
418,LP002345,0.0,1.0,0,1,0.0,1025,2773.0,112.0,360.0,1.0,0,1
419,LP002347,0.0,1.0,0,1,0.0,3246,1417.0,138.0,360.0,1.0,1,1
420,LP002348,0.0,1.0,0,1,0.0,5829,0.0,138.0,360.0,1.0,0,1
421,LP002357,1.0,0.0,0,0,0.0,2720,0.0,80.0,342.0,0.0,2,0
422,LP002361,0.0,1.0,0,1,0.0,1820,1719.0,100.0,360.0,1.0,2,1
423,LP002362,0.0,1.0,1,1,0.0,7250,1667.0,110.0,342.0,0.0,2,0
424,LP002364,0.0,1.0,0,1,0.0,14880,0.0,96.0,360.0,1.0,1,1
425,LP002366,0.0,1.0,0,1,0.0,2666,4300.0,121.0,360.0,1.0,0,1
426,LP002367,1.0,0.0,1,0,0.0,4606,0.0,81.0,360.0,1.0,0,0
427,LP002368,0.0,1.0,2,1,0.0,5935,0.0,133.0,360.0,1.0,1,1
428,LP002369,0.0,1.0,0,1,0.0,2920,16.12000084,87.0,360.0,1.0,0,1
429,LP002370,0.0,0.0,0,0,0.0,2717,0.0,60.0,180.0,1.0,2,1
430,LP002377,1.0,0.0,1,1,1.0,8624,0.0,150.0,360.0,1.0,1,1
431,LP002379,0.0,0.0,0,1,0.0,6500,0.0,105.0,360.0,0.0,0,0
432,LP002386,0.0,0.0,0,1,0.0,12876,0.0,405.0,360.0,1.0,1,1
433,LP002387,0.0,1.0,0,1,0.0,2425,2340.0,143.0,360.0,1.0,1,1
434,LP002390,0.0,0.0,0,1,0.0,3750,0.0,100.0,360.0,1.0,2,1
435,LP002393,1.0,1.0,0,1,0.0,10047,0.0,146.41216216216216,240.0,1.0,1,1
436,LP002398,0.0,0.0,0,1,0.0,1926,1851.0,50.0,360.0,1.0,1,1
437,LP002401,0.0,1.0,0,1,0.0,2213,1125.0,146.41216216216216,360.0,1.0,2,1
438,LP002403,0.0,0.0,0,1,1.0,10416,0.0,187.0,360.0,0.0,2,0
439,LP002407,1.0,1.0,0,0,1.0,7142,0.0,138.0,360.0,1.0,0,1
440,LP002408,0.0,0.0,0,1,0.0,3660,5064.0,187.0,360.0,1.0,1,1
441,LP002409,0.0,1.0,0,1,0.0,7901,1833.0,180.0,360.0,1.0,0,1
442,LP002418,0.0,0.0,3,0,0.0,4707,1993.0,148.0,360.0,1.0,1,1
443,LP002422,0.0,0.0,1,1,0.0,37719,0.0,152.0,360.0,1.0,1,1
444,LP002424,0.0,1.0,0,1,0.0,7333,8333.0,175.0,300.0,1.0,0,1
445,LP002429,0.0,1.0,1,1,1.0,3466,1210.0,130.0,360.0,1.0,0,1
446,LP002434,0.0,1.0,2,0,0.0,4652,0.0,110.0,360.0,1.0,0,1
447,LP002435,0.0,1.0,0,1,0.0,3539,1376.0,55.0,360.0,1.0,0,0
448,LP002443,0.0,1.0,2,1,0.0,3340,1710.0,150.0,360.0,0.0,0,0
449,LP002444,0.0,0.0,1,0,1.0,2769,1542.0,190.0,360.0,1.0,1,0
450,LP002446,0.0,1.0,2,0,0.0,2309,1255.0,125.0,360.0,0.0,0,0
451,LP002447,0.0,1.0,2,0,0.0,1958,1456.0,60.0,300.0,1.0,2,1
452,LP002448,0.0,1.0,0,1,0.0,3948,1733.0,149.0,360.0,0.0,0,0
453,LP002449,0.0,1.0,0,1,0.0,2483,2466.0,90.0,180.0,0.0,0,1
454,LP002453,0.0,0.0,0,1,1.0,7085,0.0,84.0,360.0,1.0,1,1
455,LP002455,0.0,1.0,2,1,0.0,3859,0.0,96.0,360.0,1.0,1,1
456,LP002459,0.0,1.0,0,1,0.0,4301,0.0,118.0,360.0,1.0,2,1
457,LP002467,0.0,1.0,0,1,0.0,3708,2569.0,173.0,360.0,1.0,2,0
458,LP002472,0.0,0.0,2,1,0.0,4354,0.0,136.0,360.0,1.0,0,1
459,LP002473,0.0,1.0,0,1,0.0,8334,0.0,160.0,360.0,1.0,1,0
460,LP002478,0.0,1.0,0,1,1.0,2083,4083.0,160.0,360.0,1.0,1,1
461,LP002484,0.0,1.0,3,1,0.0,7740,0.0,128.0,180.0,1.0,2,1
462,LP002487,0.0,1.0,0,1,0.0,3015,2188.0,153.0,360.0,1.0,0,1
463,LP002489,1.0,0.0,1,0,0.0,5191,0.0,132.0,360.0,1.0,1,1
464,LP002493,0.0,0.0,0,1,0.0,4166,0.0,98.0,360.0,0.0,1,0
465,LP002494,0.0,0.0,0,1,0.0,6000,0.0,140.0,360.0,1.0,0,1
466,LP002500,0.0,1.0,3,0,0.0,2947,1664.0,70.0,180.0,0.0,2,0
467,LP002501,0.0,1.0,0,1,0.0,16692,0.0,110.0,360.0,1.0,1,1
468,LP002502,1.0,1.0,2,0,0.0,210,2917.0,98.0,360.0,1.0,1,1
469,LP002505,0.0,1.0,0,1,0.0,4333,2451.0,110.0,360.0,1.0,2,0
470,LP002515,0.0,1.0,1,1,1.0,3450,2079.0,162.0,360.0,1.0,1,1
471,LP002517,0.0,1.0,1,0,0.0,2653,1500.0,113.0,180.0,0.0,0,0
472,LP002519,0.0,1.0,3,1,0.0,4691,0.0,100.0,360.0,1.0,1,1
473,LP002522,1.0,0.0,0,1,1.0,2500,0.0,93.0,360.0,1.0,2,1
474,LP002524,0.0,0.0,2,1,0.0,5532,4648.0,162.0,360.0,1.0,0,1
475,LP002527,0.0,1.0,2,1,1.0,16525,1014.0,150.0,360.0,1.0,0,1
476,LP002529,0.0,1.0,2,1,0.0,6700,1750.0,230.0,300.0,1.0,1,1
477,LP002530,0.0,1.0,2,1,0.0,2873,1872.0,132.0,360.0,0.0,1,0
478,LP002531,0.0,1.0,1,1,1.0,16667,2250.0,86.0,360.0,1.0,1,1
479,LP002533,0.0,1.0,2,1,0.0,2947,1603.0,146.41216216216216,360.0,1.0,2,0
480,LP002534,1.0,0.0,0,0,0.0,4350,0.0,154.0,360.0,1.0,0,1
481,LP002536,0.0,1.0,3,0,0.0,3095,0.0,113.0,360.0,1.0,0,1
482,LP002537,0.0,1.0,0,1,0.0,2083,3150.0,128.0,360.0,1.0,1,1
483,LP002541,0.0,1.0,0,1,0.0,10833,0.0,234.0,360.0,1.0,1,1
484,LP002543,0.0,1.0,2,1,0.0,8333,0.0,246.0,360.0,1.0,1,1
485,LP002544,0.0,1.0,1,0,0.0,1958,2436.0,131.0,360.0,1.0,0,1
486,LP002545,0.0,0.0,2,1,0.0,3547,0.0,80.0,360.0,0.0,0,0
487,LP002547,0.0,1.0,1,1,0.0,18333,0.0,500.0,360.0,1.0,2,0
488,LP002555,0.0,1.0,2,1,1.0,4583,2083.0,160.0,360.0,1.0,1,1
489,LP002556,0.0,0.0,0,1,0.0,2435,0.0,75.0,360.0,1.0,2,0
490,LP002560,0.0,0.0,0,0,0.0,2699,2785.0,96.0,360.0,1.0,1,1
491,LP002562,0.0,1.0,1,0,0.0,5333,1131.0,186.0,360.0,1.0,2,1
492,LP002571,0.0,0.0,0,0,0.0,3691,0.0,110.0,360.0,1.0,0,1
493,LP002582,1.0,0.0,0,0,1.0,17263,0.0,225.0,360.0,1.0,1,1
494,LP002585,0.0,1.0,0,1,0.0,3597,2157.0,119.0,360.0,0.0,0,0
495,LP002586,1.0,1.0,1,1,0.0,3326,913.0,105.0,84.0,1.0,1,1
496,LP002587,0.0,1.0,0,0,0.0,2600,1700.0,107.0,360.0,1.0,0,1
497,LP002588,0.0,1.0,0,1,0.0,4625,2857.0,111.0,12.0,1.0,2,1
498,LP002600,0.0,1.0,1,1,1.0,2895,0.0,95.0,360.0,1.0,1,1
499,LP002602,0.0,0.0,0,1,0.0,6283,4416.0,209.0,360.0,0.0,0,0
500,LP002603,1.0,0.0,0,1,0.0,645,3683.0,113.0,480.0,1.0,0,1
501,LP002606,1.0,0.0,0,1,0.0,3159,0.0,100.0,360.0,1.0,1,1
502,LP002615,0.0,1.0,2,1,0.0,4865,5624.0,208.0,360.0,1.0,1,1
503,LP002618,0.0,1.0,1,0,0.0,4050,5302.0,138.0,360.0,1.0,0,0
504,LP002619,0.0,1.0,0,0,0.0,3814,1483.0,124.0,300.0,1.0,1,1
505,LP002622,0.0,1.0,2,1,0.0,3510,4416.0,243.0,360.0,1.0,0,1
506,LP002624,0.0,1.0,0,1,0.0,20833,6667.0,480.0,360.0,1.0,2,1
507,LP002625,0.0,0.0,0,1,0.0,3583,0.0,96.0,360.0,1.0,2,0
508,LP002626,0.0,1.0,0,1,1.0,2479,3013.0,188.0,360.0,1.0,2,1
509,LP002634,1.0,0.0,1,1,0.0,13262,0.0,40.0,360.0,1.0,2,1
510,LP002637,0.0,0.0,0,0,0.0,3598,1287.0,100.0,360.0,1.0,0,0
511,LP002640,0.0,1.0,1,1,0.0,6065,2004.0,250.0,360.0,1.0,1,1
512,LP002643,0.0,1.0,2,1,0.0,3283,2035.0,148.0,360.0,1.0,2,1
513,LP002648,0.0,1.0,0,1,0.0,2130,6666.0,70.0,180.0,1.0,1,0
514,LP002652,0.0,0.0,0,1,0.0,5815,3666.0,311.0,360.0,1.0,0,0
515,LP002659,0.0,1.0,3,1,0.0,3466,3428.0,150.0,360.0,1.0,0,1
516,LP002670,1.0,1.0,2,1,0.0,2031,1632.0,113.0,480.0,1.0,1,1
517,LP002682,0.0,1.0,0,0,0.0,3074,1800.0,123.0,360.0,0.0,1,0
518,LP002683,0.0,0.0,0,1,0.0,4683,1915.0,185.0,360.0,1.0,1,0
519,LP002684,1.0,0.0,0,0,0.0,3400,0.0,95.0,360.0,1.0,0,0
520,LP002689,0.0,1.0,2,0,0.0,2192,1742.0,45.0,360.0,1.0,1,1
521,LP002690,0.0,0.0,0,1,0.0,2500,0.0,55.0,360.0,1.0,1,1
522,LP002692,0.0,1.0,3,1,1.0,5677,1424.0,100.0,360.0,1.0,0,1
523,LP002693,0.0,1.0,2,1,1.0,7948,7166.0,480.0,360.0,1.0,0,1
524,LP002697,0.0,0.0,0,1,0.0,4680,2087.0,146.41216216216216,360.0,1.0,1,0
525,LP002699,0.0,1.0,2,1,1.0,17500,0.0,400.0,360.0,1.0,0,1
526,LP002705,0.0,1.0,0,1,0.0,3775,0.0,110.0,360.0,1.0,1,1
527,LP002706,0.0,1.0,1,0,0.0,5285,1430.0,161.0,360.0,0.0,1,1
528,LP002714,0.0,0.0,1,0,0.0,2679,1302.0,94.0,360.0,1.0,1,1
529,LP002716,0.0,0.0,0,0,0.0,6783,0.0,130.0,360.0,1.0,1,1
530,LP002717,0.0,1.0,0,1,0.0,1025,5500.0,216.0,360.0,1.0,0,1
531,LP002720,0.0,1.0,3,1,0.0,4281,0.0,100.0,360.0,1.0,2,1
532,LP002723,0.0,0.0,2,1,0.0,3588,0.0,110.0,360.0,0.0,0,0
533,LP002729,0.0,0.0,1,1,0.0,11250,0.0,196.0,360.0,1.0,1,0
534,LP002731,1.0,0.0,0,0,1.0,18165,0.0,125.0,360.0,1.0,2,1
535,LP002732,0.0,0.0,0,0,0.0,2550,2042.0,126.0,360.0,1.0,0,1
536,LP002734,0.0,1.0,0,1,0.0,6133,3906.0,324.0,360.0,1.0,2,1
537,LP002738,0.0,0.0,2,1,0.0,3617,0.0,107.0,360.0,1.0,1,1
538,LP002739,0.0,1.0,0,0,0.0,2917,536.0,66.0,360.0,1.0,0,0
539,LP002740,0.0,1.0,3,1,0.0,6417,0.0,157.0,180.0,1.0,0,1
540,LP002741,1.0,1.0,1,1,0.0,4608,2845.0,140.0,180.0,1.0,1,1
541,LP002743,1.0,0.0,0,1,0.0,2138,0.0,99.0,360.0,0.0,1,0
542,LP002753,1.0,0.0,1,1,0.0,3652,0.0,95.0,360.0,1.0,1,1
543,LP002755,0.0,1.0,1,0,0.0,2239,2524.0,128.0,360.0,1.0,2,1
544,LP002757,1.0,1.0,0,0,0.0,3017,663.0,102.0,360.0,1.0,1,1
545,LP002767,0.0,1.0,0,1,0.0,2768,1950.0,155.0,360.0,1.0,0,1
546,LP002768,0.0,0.0,0,0,0.0,3358,0.0,80.0,36.0,1.0,1,0
547,LP002772,0.0,0.0,0,1,0.0,2526,1783.0,145.0,360.0,1.0,0,1
548,LP002776,1.0,0.0,0,1,0.0,5000,0.0,103.0,360.0,0.0,1,0
549,LP002777,0.0,1.0,0,1,0.0,2785,2016.0,110.0,360.0,1.0,0,1
550,LP002778,0.0,1.0,2,1,1.0,6633,0.0,146.41216216216216,360.0,0.0,0,0
551,LP002784,0.0,1.0,1,0,0.0,2492,2375.0,146.41216216216216,360.0,1.0,0,1
552,LP002785,0.0,1.0,1,1,0.0,3333,3250.0,158.0,360.0,1.0,2,1
553,LP002788,0.0,1.0,0,0,0.0,2454,2333.0,181.0,360.0,0.0,2,0
554,LP002789,0.0,1.0,0,1,0.0,3593,4266.0,132.0,180.0,0.0,0,0
555,LP002792,0.0,1.0,1,1,0.0,5468,1032.0,26.0,360.0,1.0,1,1
556,LP002794,1.0,0.0,0,1,0.0,2667,1625.0,84.0,360.0,1.0,2,1
557,LP002795,0.0,1.0,3,1,1.0,10139,0.0,260.0,360.0,1.0,1,1
558,LP002798,0.0,1.0,0,1,0.0,3887,2669.0,162.0,360.0,1.0,1,1
559,LP002804,1.0,1.0,0,1,0.0,4180,2306.0,182.0,360.0,1.0,1,1
560,LP002807,0.0,1.0,2,0,0.0,3675,242.0,108.0,360.0,1.0,1,1
561,LP002813,1.0,1.0,1,1,1.0,19484,0.0,600.0,360.0,1.0,1,1
562,LP002820,0.0,1.0,0,1,0.0,5923,2054.0,211.0,360.0,1.0,0,1
563,LP002821,0.0,0.0,0,0,1.0,5800,0.0,132.0,360.0,1.0,1,1
564,LP002832,0.0,1.0,2,1,0.0,8799,0.0,258.0,360.0,0.0,2,0
565,LP002833,0.0,1.0,0,0,0.0,4467,0.0,120.0,360.0,1.0,0,1
566,LP002836,0.0,0.0,0,1,0.0,3333,0.0,70.0,360.0,1.0,2,1
567,LP002837,0.0,1.0,3,1,0.0,3400,2500.0,123.0,360.0,0.0,0,0
568,LP002840,1.0,0.0,0,1,0.0,2378,0.0,9.0,360.0,1.0,2,0
569,LP002841,0.0,1.0,0,1,0.0,3166,2064.0,104.0,360.0,0.0,2,0
570,LP002842,0.0,1.0,1,1,0.0,3417,1750.0,186.0,360.0,1.0,2,1
571,LP002847,0.0,1.0,0,1,0.0,5116,1451.0,165.0,360.0,0.0,2,0
572,LP002855,0.0,1.0,2,1,0.0,16666,0.0,275.0,360.0,1.0,2,1
573,LP002862,0.0,1.0,2,0,0.0,6125,1625.0,187.0,480.0,1.0,1,0
574,LP002863,0.0,1.0,3,1,0.0,6406,0.0,150.0,360.0,1.0,1,0
575,LP002868,0.0,1.0,2,1,0.0,3159,461.0,108.0,84.0,1.0,2,1
576,LP002872,0.0,1.0,0,1,0.0,3087,2210.0,136.0,360.0,0.0,1,0
577,LP002874,0.0,0.0,0,1,0.0,3229,2739.0,110.0,360.0,1.0,2,1
578,LP002877,0.0,1.0,1,1,0.0,1782,2232.0,107.0,360.0,1.0,0,1
579,LP002888,0.0,0.0,0,1,0.0,3182,2917.0,161.0,360.0,1.0,2,1
580,LP002892,0.0,1.0,2,1,0.0,6540,0.0,205.0,360.0,1.0,1,1
581,LP002893,0.0,0.0,0,1,0.0,1836,33837.0,90.0,360.0,1.0,2,0
582,LP002894,1.0,1.0,0,1,0.0,3166,0.0,36.0,360.0,1.0,1,1
583,LP002898,0.0,1.0,1,1,0.0,1880,0.0,61.0,360.0,1.0,0,0
584,LP002911,0.0,1.0,1,1,0.0,2787,1917.0,146.0,360.0,0.0,0,0
585,LP002912,0.0,1.0,1,1,0.0,4283,3000.0,172.0,84.0,1.0,0,0
586,LP002916,0.0,1.0,0,1,0.0,2297,1522.0,104.0,360.0,1.0,2,1
587,LP002917,1.0,0.0,0,0,0.0,2165,0.0,70.0,360.0,1.0,1,1
588,LP002925,0.0,0.0,0,1,0.0,4750,0.0,94.0,360.0,1.0,1,1
589,LP002926,0.0,1.0,2,1,1.0,2726,0.0,106.0,360.0,0.0,1,0
590,LP002928,0.0,1.0,0,1,0.0,3000,3416.0,56.0,180.0,1.0,1,1
591,LP002931,0.0,1.0,2,1,1.0,6000,0.0,205.0,240.0,1.0,1,0
592,LP002933,0.0,0.0,3,1,1.0,9357,0.0,292.0,360.0,1.0,1,1
593,LP002936,0.0,1.0,0,1,0.0,3859,3300.0,142.0,180.0,1.0,0,1
594,LP002938,0.0,1.0,0,1,1.0,16120,0.0,260.0,360.0,1.0,2,1
595,LP002940,0.0,0.0,0,0,0.0,3833,0.0,110.0,360.0,1.0,0,1
596,LP002941,0.0,1.0,2,0,1.0,6383,1000.0,187.0,360.0,1.0,0,0
597,LP002943,0.0,0.0,0,1,0.0,2987,0.0,88.0,360.0,0.0,1,0
598,LP002945,0.0,1.0,0,1,1.0,9963,0.0,180.0,360.0,1.0,0,1
599,LP002948,0.0,1.0,2,1,0.0,5780,0.0,192.0,360.0,1.0,2,1
600,LP002949,1.0,0.0,3,1,0.0,416,41667.0,350.0,180.0,1.0,2,0
601,LP002950,0.0,1.0,0,0,0.0,2894,2792.0,155.0,360.0,1.0,0,1
602,LP002953,0.0,1.0,3,1,0.0,5703,0.0,128.0,360.0,1.0,2,1
603,LP002958,0.0,0.0,0,1,0.0,3676,4301.0,172.0,360.0,1.0,0,1
604,LP002959,1.0,1.0,1,1,0.0,12000,0.0,496.0,360.0,1.0,1,1
605,LP002960,0.0,1.0,0,0,0.0,2400,3800.0,146.41216216216216,180.0,1.0,2,0
606,LP002961,0.0,1.0,1,1,0.0,3400,2500.0,173.0,360.0,1.0,1,1
607,LP002964,0.0,1.0,2,0,0.0,3987,1411.0,157.0,360.0,1.0,0,1
608,LP002974,0.0,1.0,0,1,0.0,3232,1950.0,108.0,360.0,1.0,0,1
609,LP002978,1.0,0.0,0,1,0.0,2900,0.0,71.0,360.0,1.0,0,1
610,LP002979,0.0,1.0,3,1,0.0,4106,0.0,40.0,180.0,1.0,0,1
611,LP002983,0.0,1.0,1,1,0.0,8072,240.0,253.0,360.0,1.0,2,1
612,LP002984,0.0,1.0,2,1,0.0,7583,0.0,187.0,360.0,1.0,2,1
613,LP002990,1.0,0.0,0,1,1.0,4583,0.0,133.0,360.0,0.0,1,0
